Dim,Func,Variant,Best,Median,Mean,Std,p_vs_iPWO,iPWO_better
10,1,iPWO,100,100,100,0,NaN,0
10,1,noECR,100,100,100,0,NaN,0
10,1,noOED,100,100,100,0,NaN,0
10,1,noNAS,100,100,100,0,NaN,0
10,1,PWO,118.210254619864,4990.41899281241,180156106.779633,890099743.05236,1.39058869614246e-20,1
10,3,iPWO,300,300,300,0,NaN,0
10,3,noECR,300,300,300,0,NaN,0
10,3,noOED,300,300,300,0,NaN,0
10,3,noNAS,300,300,300,0,NaN,0
10,3,PWO,300.013242098636,300.049052251836,300.050685896153,0.0242121174502454,1.39058869614246e-20,1
10,4,iPWO,400,400,400,0,NaN,0
10,4,noECR,400,400,400,0,NaN,0
10,4,noOED,400,400,400,0,NaN,0
10,4,noNAS,400,400,400,0,NaN,0
10,4,PWO,400.100998583347,406.385174739202,429.844825480532,54.2856751083623,1.39058869614246e-20,1
10,5,iPWO,500.000000000193,501.989918114187,501.724597605763,0.886686476855042,NaN,0
10,5,noECR,500.000000000193,501.989918114187,501.724597605763,0.886686476855042,1,0
10,5,noOED,500,501.993209306618,501.909532474632,0.997934440967497,0.0191048796665028,1
10,5,noNAS,500.000000771269,501.989918114187,501.898362329949,0.897546544308943,0.503021260944413,0
10,5,PWO,529.868332300076,574.630582113605,572.971966170458,21.864408791328,3.03199350615851e-18,1
10,6,iPWO,600,600,600,0,NaN,0
10,6,noECR,600,600,600,0,NaN,0
10,6,noOED,600,600,600,0,NaN,0
10,6,noNAS,600,600,600,0,NaN,0
10,6,PWO,617.893461617271,648.204295973913,646.447607770823,12.5064246444627,1.39058869614246e-20,1
10,7,iPWO,710.435888175787,711.670229423733,711.829686550562,0.74631346693541,NaN,0
10,7,noECR,710.435888175787,711.64060610014,711.801554697884,0.738734744013524,0.856582175838247,0
10,7,noOED,710.83831078381,712.831425776918,712.722034914883,1.0144387330267,8.29817359520107e-06,1
10,7,noNAS,710.643104838193,711.857724022538,711.951165336518,0.764283500726298,0.45754796874981,0
10,7,PWO,761.842520836443,815.79118831689,815.429920832658,16.1106190119117,3.30368150166619e-18,1
10,8,iPWO,800,801.989918114187,801.917448788655,1.3029639367267,NaN,0
10,8,noECR,800,801.989918114187,801.917448788655,1.3029639367267,1,0
10,8,noOED,800,801.989918227012,801.815775325075,1.09830789019394,0.261550338348085,0
10,8,noNAS,800,801.989918114187,801.719122197064,1.1991670484214,0.504766207822461,0
10,8,PWO,816.919923008498,837.816060998653,836.32617590922,6.91198829116895,3.07586434500075e-18,1
10,9,iPWO,900,900,900,0,NaN,0
10,9,noECR,900,900,900,0,NaN,0
10,9,noOED,900,900,900,0,NaN,0
10,9,noNAS,900,900,900,0,NaN,0
10,9,PWO,1174.15902022579,1770.47809173308,1726.83549796114,171.990854351433,1.39058869614246e-20,1
10,10,iPWO,1000.18972864459,1006.89237581642,1009.12839467835,17.1223477192092,NaN,0
10,10,noECR,1000.18972864459,1006.89237581642,1009.12839467835,17.1223477192092,1,0
10,10,noOED,1000.91930653638,1010.56920367515,1020.18768173672,29.4610507630717,0.000360798181686423,1
10,10,noNAS,1000.18736402491,1006.89876675157,1012.64560619547,24.8080442903918,0.611000549222366,0
10,10,PWO,1015.31035726393,2104.22437668858,2125.33613582732,239.872713775694,3.94235734471964e-18,1
10,11,iPWO,1100,1100,1100.44629397548,0.590152478762935,NaN,0
10,11,noECR,1100,1100,1100.44629397548,0.590152478762935,1,0
10,11,noOED,1100,1100,1100.31850704513,0.49928683841685,0.298415123388557,0
10,11,noNAS,1100,1100,1100.31800598277,0.462837237224283,0.312852372443122,0
10,11,PWO,1121.72470939198,1218.08054368377,1502.11877016354,1079.6472800255,1.35483674953733e-18,1
10,12,iPWO,1200,1319.73787261577,1312.10393035331,97.9845090955185,NaN,0
10,12,noECR,1200,1319.73787261577,1312.10393035331,97.9845090955185,0.946560953123585,0
10,12,noOED,1200.20814298465,1319.73787261577,1315.65253944888,87.9318251400726,0.927951564360403,0
10,12,noNAS,1200,1329.81943268326,1326.30694546697,99.4275434948128,0.42937973282362,0
10,12,PWO,5270.65364508643,540104.734659412,880928.61082364,1084094.25864628,3.25602774842165e-18,1
10,13,iPWO,1300,1305.58412421766,1304.83532115621,2.49526494469421,NaN,0
10,13,noECR,1300,1305.58412421766,1304.83532115621,2.4952649446942,0.986621715318113,0
10,13,noOED,1300,1305.02713587868,1304.14068228014,2.48991865746571,0.120836001673308,0
10,13,noNAS,1300,1305.39412527004,1304.74119065623,2.32539431548049,0.641150890566613,0
10,13,PWO,1569.55520419647,11015.084036809,13603.5991508043,9905.10985271043,3.24052290799989e-18,1
10,14,iPWO,1400,1400,1400.40968902375,0.533077877990532,NaN,0
10,14,noECR,1400,1400,1400.40968902375,0.533077877990532,1,0
10,14,noOED,1400,1400.0002541394,1400.4721403397,0.540036029413528,0.0162197641470727,1
10,14,noNAS,1400,1400.99495905709,1400.60477906587,0.599570959798373,0.111843258951044,0
10,14,PWO,1447.01926869349,1536.49467114165,2033.05019988533,1545.22807960786,9.73406633792014e-19,1
10,15,iPWO,1500.00005628244,1500.0344731344,1500.22241044839,0.3621919294151,NaN,0
10,15,noECR,1500.00005628244,1500.03447313155,1500.22241044859,0.362191929315093,0.986649735156553,0
10,15,noOED,1500.00000000472,1500.00792058099,1500.19431264619,0.350072003282727,0.236171998075635,0
10,15,noNAS,1500.00000679412,1500.05030354254,1500.18047742215,0.267561825403338,0.904111847365371,0
10,15,PWO,1762.77046502533,6424.519025195,6137.64075299272,1286.5907031363,3.30368150166619e-18,1
10,16,iPWO,1600.00215736032,1600.4371434891,1600.43006972702,0.232828141253444,NaN,0
10,16,noECR,1600.00215736032,1600.4371434891,1600.43006972702,0.232828141253444,1,0
10,16,noOED,1600.04293343174,1600.38525701655,1600.40703077597,0.21810266278996,0.592361822663044,0
10,16,noNAS,1600.01930896121,1600.42292817104,1600.448371015,0.265778400335642,0.835639752455574,0
10,16,PWO,1648.00304918256,1992.23127575368,2010.54172611706,178.413386383725,3.30368150166619e-18,1
10,17,iPWO,1700,1700.01972934412,1700.18680502338,0.275158488011304,NaN,0
10,17,noECR,1700,1700.01972934412,1700.18680502338,0.275158488011299,1,0
10,17,noOED,1700,1700.01972934413,1700.13495092794,0.178127795210146,0.491609706022266,0
10,17,noNAS,1700,1700.01972958121,1700.1667009197,0.19011973206941,0.778230147919149,0
10,17,PWO,1746.50571972139,1859.48216002404,1886.89407881901,104.715432455313,2.88055554253429e-18,1
10,18,iPWO,1800.00002310026,1800.30926536356,1800.67607102739,2.76778443997335,NaN,0
10,18,noECR,1800.00002310033,1800.30926536356,1800.67607102735,2.7677844400194,0.986649810647458,0
10,18,noOED,1800.00010817708,1800.34003836506,1800.35978336395,0.311820214222709,0.278267891374734,0
10,18,noNAS,1800.00009207583,1800.27482741086,1800.28852384913,0.269767331700669,0.702843905139844,0
10,18,PWO,2121.04759226293,14916.6272721557,17587.7478040474,13190.4109240173,3.30368150166619e-18,1
10,19,iPWO,1900,1900.00992043415,1900.01165079044,0.0123916735957939,NaN,0
10,19,noECR,1900,1900.00992043415,1900.01184312111,0.0124403064544798,0.93820812914937,0
10,19,noOED,1900,1900,1900.00600376803,0.00991475633476536,0.146148811656096,0
10,19,noNAS,1900,1900,1900.0101982392,0.0291343528239844,0.0459906689204605,0
10,19,PWO,1935.34119131422,2599.99195747825,14072.6720328899,42959.4346140188,2.05932836014531e-18,1
10,20,iPWO,2000,2000,2000.05508939811,0.120190876919634,NaN,0
10,20,noECR,2000,2000,2000.06121044235,0.125174980456792,0.804049121919043,0
10,20,noOED,2000,2000,2000.07345253082,0.133736061892798,0.467689833520262,0
10,20,noNAS,2000,2000,2000.08071944347,0.180674729087539,0.592892770773017,0
10,20,PWO,2055.05457454993,2213.33803478872,2228.43963168838,113.070522923238,1.80925950120258e-19,1
10,21,iPWO,2200,2304.34654209548,2268.15273778118,50.8234464742213,NaN,0
10,21,noECR,2200,2304.34654209548,2268.15273778118,50.8234464742213,0.954098078455085,0
10,21,noOED,2200,2303.70195765139,2269.65246837273,48.3489734850749,0.215092729653976,0
10,21,noNAS,2200,2303.59166747976,2273.88197577624,48.0741736174064,0.439205785535226,0
10,21,PWO,2200.0173759579,2353.19179448326,2327.82306679319,63.5555225861849,2.46716924020066e-08,1
10,22,iPWO,2300,2300,2300.11440462523,0.179561084553913,NaN,0
10,22,noECR,2300,2300,2300.11440462523,0.179561084553924,0.79605760469362,0
10,22,noOED,2300,2300,2300.08912029811,0.172546228054107,0.397189514853548,0
10,22,noNAS,2300,2300,2300.13900080812,0.187659142898175,0.586779030569122,0
10,22,PWO,2254.87318063696,2304.68644712642,2392.24372185914,316.888250660274,6.87537472244785e-15,1
10,23,iPWO,2600,2604.42693999358,2604.14095323621,2.1258857862913,NaN,0
10,23,noECR,2600,2604.42693999358,2604.14095323612,2.12588578625942,1,0
10,23,noOED,2600,2603.38925566396,2603.38972474997,1.85129314210476,0.0428618619875434,0
10,23,noNAS,2600,2603.40904487056,2603.51843208998,1.87465268389961,0.0764261416706469,0
10,23,PWO,2643.4645652987,2693.19044029377,2710.33873646398,46.2704555021994,3.27373226345992e-18,1
10,24,iPWO,2500,2732.93356414477,2692.08949884015,89.828183892776,NaN,0
10,24,noECR,2500,2732.93356414477,2692.08949884015,89.828183892776,0.973259257157719,0
10,24,noOED,2500,2732.24073461075,2696.14541741885,85.4703179981373,0.295523487361992,0
10,24,noNAS,2500,2733.40529081324,2697.35265320267,86.0096171640077,0.383350569326428,0
10,24,PWO,2500.19000068147,2857.90826808747,2835.71159619014,114.261049131193,2.94727134156125e-13,1
10,25,iPWO,2897.74286946999,2943.38610095548,2926.14832047446,22.825431164111,NaN,0
10,25,noECR,2897.74286946999,2943.38610095548,2926.14832047446,22.825431164111,1,0
10,25,noOED,2897.74286946999,2943.37836233487,2925.29027296504,22.991864026156,0.832936274077911,0
10,25,noNAS,2897.74286946999,2943.37322558792,2922.80009727814,23.3667455792474,0.806943052374303,0
10,25,PWO,2655.68310319418,2944.10942870946,2951.55105513087,75.458582879739,0.000317166577050681,1
10,26,iPWO,2900,2900,2900,0,NaN,0
10,26,noECR,2900,2900,2900,0,NaN,0
10,26,noOED,2900,2900,2900,0,NaN,0
10,26,noNAS,2900,2900,2900.92449715683,6.60223027789041,0.326892579781518,0
10,26,PWO,2601.66397990215,3846.83004843633,3823.77619692904,588.780144806486,2.27933600082559e-16,1
10,27,iPWO,3089.00552651868,3089.51799024014,3089.74689245152,0.860516053709136,NaN,0
10,27,noECR,3089.00552651868,3089.51799024014,3089.74689245152,0.86051605370912,0.987941757514136,0
10,27,noOED,3089.00552651868,3089.51799024014,3089.67161690087,0.415743625305297,0.672012253130444,0
10,27,noNAS,3088.86054305191,3089.51799024014,3089.75622705065,0.992227670439843,0.423567385907444,0
10,27,PWO,3104.42687194873,3198.82247090448,3197.99166648127,60.3126917089002,1.86166989983412e-19,1
10,28,iPWO,3100,3100,3201.18777731851,144.71746401671,NaN,0
10,28,noECR,3100,3100,3201.18777731851,144.71746401671,1,0
10,28,noOED,3100,3100,3201.1875580075,144.717181836468,0.98714700404382,0
10,28,noNAS,3100,3100,3201.3856754878,139.426504007541,0.940217254650459,0
10,28,PWO,3100.27246386935,3383.75195575004,3403.19181077412,165.772928616623,1.78672878375239e-08,1
10,29,iPWO,3129.87139513836,3136.40798205426,3137.09459098852,4.45571582539865,NaN,0
10,29,noECR,3129.87139513836,3136.40798205426,3137.09459098852,4.45571582539865,1,0
10,29,noOED,3133.88242452177,3140.94100962678,3141.67903965038,5.27348095344728,7.3217541294095e-06,1
10,29,noNAS,3130.97000021223,3137.87169407518,3138.43694083887,5.33345281962672,0.328502187769018,0
10,29,PWO,3212.60356353353,3388.93078369455,3385.56703393152,106.110914788971,3.30368150166619e-18,1
10,30,iPWO,3396.0068772963,3446.00598103106,3452.50662667718,49.3624064914426,NaN,0
10,30,noECR,3396.0068772963,3446.00598103106,3452.50662667718,49.3624064914426,0.997329631091452,0
10,30,noOED,3395.64270235469,3451.61642042134,3463.50663075505,57.7617012712876,0.380625342539773,0
10,30,noNAS,3394.68608382785,3450.78566532231,19496.7790066437,114417.31877956,0.293371104167941,0
10,30,PWO,9243.23345254493,77231.1596009588,1217383.85725221,2843007.550562,3.30368150166619e-18,1
30,1,iPWO,100,100,100,4.01943669423046e-15,NaN,0
30,1,noECR,100,100,100,4.01943669423046e-15,0.185497374748109,0
30,1,noOED,100,100,100,0,0.326892579781518,0
30,1,noNAS,100,100,100,0,0.326892579781518,0
30,1,PWO,166.58577777424,2375684493.72796,7350457596.90205,8673313975.9744,1.98815223540751e-20,1
30,3,iPWO,300,300.000000001092,324.691356729894,176.288401614419,NaN,0
30,3,noECR,300,300.000000001092,324.691356729894,176.288401614419,0.986649168933945,0
30,3,noOED,300.000000000001,300.00000001255,300.005346948064,0.0335435039182571,0.30901477144384,0
30,3,noNAS,300,300.000000001473,300.000003923276,2.18474414697182e-05,0.384269323932543,0
30,3,PWO,300.681995637449,305.071049939105,6972.00719188774,17329.1608359629,4.24085038692156e-17,1
30,4,iPWO,400.000000255853,458.561557302385,444.665810336229,26.1288775063667,NaN,0
30,4,noECR,400.000000255853,458.561557302385,444.665810336229,26.1288775063667,1,0
30,4,noOED,400.000001303829,458.561557302385,443.624925086771,26.8313593866517,0.944330557341179,0
30,4,noNAS,400.000011192566,458.561557302385,443.592385815176,26.6365202143336,0.847698630189574,0
30,4,PWO,470.619540851685,744.353705802364,1030.039618322,848.401016909324,1.43217747340998e-18,1
30,5,iPWO,513.935439222303,519.899176104047,520.876681522213,4.3997933429821,NaN,0
30,5,noECR,513.935439222303,519.899176104047,520.876681522213,4.3997933429821,0.997329600883601,0
30,5,noOED,512.621555600845,518.832197893053,518.646223639736,3.15631349593022,0.00706361954965347,0
30,5,noNAS,508.95463151384,519.402801531895,519.464653660987,4.67509601539134,0.28726098295345,0
30,5,PWO,712.932238060641,815.433387997926,810.632500494761,18.6945129507604,3.30296541538692e-18,1
30,6,iPWO,600,600,600.000000016086,8.49721852712253e-08,NaN,0
30,6,noECR,600,600,600.000000016086,8.49721852712253e-08,1,0
30,6,noOED,600,600,600.000000010735,3.71644913624939e-08,0.445303119609615,0
30,6,noNAS,600,600,600.000000024757,1.53623458963091e-07,0.667687306773894,0
30,6,PWO,652.86285144653,664.924675022867,665.270130744071,4.46191965812876,2.78775026550017e-20,1
30,7,iPWO,739.223279925442,750.932336233892,751.109289508025,4.93071230644304,NaN,0
30,7,noECR,739.223279925442,750.932336233892,751.109289508025,4.93071230644304,1,0
30,7,noOED,742.904534187622,750.714998342304,750.902783363577,3.4223845598333,0.814794970388321,0
30,7,noNAS,741.321686471257,751.147006362596,751.76380618856,5.14719446007838,0.634657098045413,0
30,7,PWO,1193.99600755225,1328.63321533635,1321.92073275574,37.1365220376013,3.30368150166619e-18,1
30,8,iPWO,809.950016053781,820.894130123321,820.565550068721,4.85528109321418,NaN,0
30,8,noECR,809.950016053781,820.894130123321,820.565550068721,4.85528109321418,1,0
30,8,noOED,812.87556902338,818.497001946532,818.696095461131,3.26128116379244,0.0127853059451888,0
30,8,noNAS,810.137383791395,820.894136623531,820.843893097976,5.18961775944085,0.745484539349905,0
30,8,PWO,935.340153226739,1023.88624629073,1017.46865214388,22.7713445605224,3.30296541538692e-18,1
30,9,iPWO,900,900,900.012419225871,0.0655095158554414,NaN,0
30,9,noECR,900,900,900.012419225871,0.0655095158554414,1,0
30,9,noOED,900,900,900.003510911781,0.0175510476422522,0.641791684635052,0
30,9,noNAS,900,900,900.010663769981,0.0645950626582315,0.661159604165622,0
30,9,PWO,4022.51112355655,5441.81426562313,5495.49810620908,329.719293641297,3.83658370445237e-20,1
30,10,iPWO,1727.03343107193,2740.27697348475,2651.95041260561,368.979635728899,NaN,0
30,10,noECR,1727.03343107193,2740.27697348475,2651.95041260561,368.979635728899,1,0
30,10,noOED,1948.86249017428,2892.94542666203,2891.44287650851,274.856668596265,0.000539915271960413,1
30,10,noNAS,1645.24837872771,2727.0193061336,2679.91457821204,395.123714605036,0.697885033557254,0
30,10,PWO,4180.03182844802,5403.21753470499,5452.14986255489,667.996034330417,3.30368150166619e-18,1
30,11,iPWO,1104.97479528548,1111.94629356147,1119.8061487991,20.2669496726301,NaN,0
30,11,noECR,1104.97479528547,1111.94629356147,1119.8061487991,20.2669496726302,0.970628701749535,0
30,11,noOED,1101.98991811419,1112.94124758074,1121.61251817836,22.1945323337774,0.917361794350121,0
30,11,noNAS,1104.97479528547,1112.94124758074,1118.74188513138,18.1674481456602,0.943964168613592,0
30,11,PWO,1147.91770281001,1170.14273256039,1293.7656232779,497.338730573366,2.47445383357369e-14,1
30,12,iPWO,1933.6166662251,5835.10979740418,7478.47141255864,5332.70797900577,NaN,0
30,12,noECR,1933.6166662251,5835.10979740418,7478.47141255864,5332.70797900577,1,0
30,12,noOED,1734.54345255211,6290.98076267887,7454.21390506677,5283.95781550253,0.98932030319852,0
30,12,noNAS,2384.29185299386,6024.5537023257,7584.4019727996,5343.1971697108,0.851350311038738,0
30,12,PWO,459329.396787505,6149824.39421733,6924616.64210931,4175381.77017108,3.30368150166619e-18,1
30,13,iPWO,1318.91619902092,1354.72345110158,1367.08450985481,60.0867169494182,NaN,0
30,13,noECR,1318.91619902092,1354.72345110158,1367.08450985301,60.0867169501802,0.994659337403678,0
30,13,noOED,1310.944982476,1349.93280906733,1360.92272308421,44.2824840799954,0.490603759814741,0
30,13,noNAS,1313.94422762341,1343.62390574136,1349.71004439359,30.1802207210881,0.00158334380037905,0
30,13,PWO,21238.9932030917,85347.2055380616,50042371.7930693,286995417.993918,3.30368150166619e-18,1
30,14,iPWO,1425.32780933979,1439.93207045734,1443.0443172181,11.9548410273304,NaN,0
30,14,noECR,1425.32780933979,1439.93207045734,1443.04431721499,11.9548410238877,0.994659579035776,0
30,14,noOED,1413.54711244067,1442.17731420382,1442.88398803921,12.0974397394068,0.951968975229534,0
30,14,noNAS,1426.98783012917,1438.97299520824,1442.30647730197,12.1779815962261,0.742955017949214,0
30,14,PWO,2765.52942157067,18530.6256733404,50530.9839582481,151571.20803409,3.30368150166619e-18,1
30,15,iPWO,1505.11973974276,1526.31686200362,1538.92484294,31.8681474975337,NaN,0
30,15,noECR,1505.11973974276,1526.31686200362,1538.92484294,31.8681474975339,1,0
30,15,noOED,1505.56586567983,1525.27309231269,1533.89285658083,29.4670778362249,0.305842726819483,0
30,15,noNAS,1508.53878828395,1526.70636296523,1531.82714570666,23.5701103386886,0.399071236551769,0
30,15,PWO,10350.9107065753,24188.822715608,32093112.330658,117505456.908578,3.30368150166619e-18,1
30,16,iPWO,1610.57350460275,1889.54078634956,1890.34397751737,146.135686043505,NaN,0
30,16,noECR,1610.57350460275,1889.54078634956,1890.34397751737,146.135686043505,1,0
30,16,noOED,1626.68206931419,1884.61514403431,1896.19031580922,140.020986125841,0.888227935571632,0
30,16,noNAS,1611.13639738917,1870.50789382214,1882.89281760457,135.93217220307,0.73790016249378,0
30,16,PWO,2418.51299370368,3486.65247619135,3427.3457315833,464.707232995675,3.30368150166619e-18,1
30,17,iPWO,1705.61745111934,1734.16762299078,1738.20667299623,22.923573605582,NaN,0
30,17,noECR,1705.61745111934,1734.16762299078,1738.20667299623,22.923573605582,1,0
30,17,noOED,1718.58178268436,1743.2059781509,1748.50284235394,27.6735472579038,0.00259773540776876,1
30,17,noNAS,1709.34382243348,1736.2458793302,1740.66460012498,24.4373337834147,0.406597750459638,0
30,17,PWO,2105.89963797349,2718.69178468765,2706.44699092343,275.064633332282,3.30368150166619e-18,1
30,18,iPWO,1829.99156989218,1973.77532226323,10913.5967281555,23822.4014834129,NaN,0
30,18,noECR,1829.99156989218,1973.77532226323,10913.5977605679,23822.4010914804,1,0
30,18,noOED,1841.16133742171,2077.09079558909,13752.5278058306,26455.3744738417,0.0996801974068699,0
30,18,noNAS,1838.56105523316,2111.06465771185,11416.4629080473,25083.4956260006,0.125367050071938,0
30,18,PWO,52513.178805162,219428.619765598,921832.793110195,3901345.78273252,2.53366027673535e-17,1
30,19,iPWO,1910.14723545185,1923.64254409766,1931.83201432484,20.7916158585238,NaN,0
30,19,noECR,1910.14723545145,1923.64254409766,1931.86814969625,20.7885651299003,0.997329736810858,0
30,19,noOED,1910.35526585268,1920.57142202579,1929.02402346288,20.3516577117695,0.338538410136755,0
30,19,noNAS,1909.20101965356,1925.93771231437,1931.56501495099,20.4710032444444,0.925349136293004,0
30,19,PWO,20019.1997940311,989362.354442525,4493206.50108018,19919159.369635,3.30368150166619e-18,1
30,20,iPWO,2002.40279925362,2027.63898086464,2054.68844343391,54.72820893547,NaN,0
30,20,noECR,2002.40279925362,2027.63898086464,2054.68844343391,54.72820893547,1,0
30,20,noOED,2008.24424238853,2043.38692959197,2068.23321615516,55.0155862643013,0.00122678791727041,1
30,20,noNAS,2003.09688607541,2032.59929266019,2072.62837194774,64.7737441111551,0.112700379261979,0
30,20,PWO,2478.07831456984,2963.40997191957,3001.18469820237,229.959598025913,3.30368150166619e-18,1
30,21,iPWO,2311.40709359883,2323.68016389688,2323.26678894165,4.92582115940704,NaN,0
30,21,noECR,2311.40709359883,2323.68016389688,2323.26678894165,4.92582115940704,1,0
30,21,noOED,2310.05723822836,2321.62300495012,2321.43452332291,4.2168815319438,0.0761347265334101,0
30,21,noNAS,2308.65050012383,2322.4198980859,2321.90605292708,6.13541429593943,0.366252370410418,0
30,21,PWO,2465.24255740825,2600.77613034058,2612.62368308997,70.6030183469854,3.30368150166619e-18,1
30,22,iPWO,2300,2300,2300,0,NaN,0
30,22,noECR,2300,2300,2300,0,NaN,0
30,22,noOED,2300,2300,2300,0,NaN,0
30,22,noNAS,2300,2300,2334.70252877524,247.825625537852,0.326892579781518,0
30,22,PWO,2502.98662525588,7911.7079057562,7523.23339387975,1012.54485679293,1.39058869614246e-20,1
30,23,iPWO,2652.84245739337,2670.3091731041,2669.72094111544,6.87775145119314,NaN,0
30,23,noECR,2652.84245739337,2670.3091731041,2669.72094111544,6.87775145119314,1,0
30,23,noOED,2654.59970831095,2668.29651869359,2667.74776631209,4.99685370531676,0.0656956682463542,0
30,23,noNAS,2657.2057974076,2669.75726714264,2669.49525149073,6.99700510957287,0.573988333869026,0
30,23,PWO,3080.59713642118,3383.72462379254,3404.94004417508,161.145741596317,3.30368150166619e-18,1
30,24,iPWO,2832.59643806475,2845.02805078018,2845.09541445229,6.64777843336114,NaN,0
30,24,noECR,2832.59643806475,2845.02805078018,2845.09541445229,6.64777843336113,1,0
30,24,noOED,2833.64510843197,2839.21378469082,2839.49610019137,3.64708343196818,5.0086185718732e-06,0
30,24,noNAS,2829.23663932278,2843.08761060393,2843.36910763009,7.77004061107455,0.215660129038674,0
30,24,PWO,3256.44116164308,3587.94919679902,3575.8969972408,125.332103525136,3.30368150166619e-18,1
30,25,iPWO,2886.70999775181,2887.07877807615,2887.07792989978,0.202858508498158,NaN,0
30,25,noECR,2886.70999775181,2887.07877807615,2887.07792989978,0.202858508498146,0.99465930719736,0
30,25,noOED,2886.69186168996,2887.09111544013,2887.06844687699,0.187650963520161,0.909415089594158,0
30,25,noNAS,2886.71988575405,2887.10176097276,2887.09605490602,0.214938461401306,0.730338412145248,0
30,25,PWO,2883.79879611043,2905.43203974145,2963.92212650233,142.503407710241,2.32717720625518e-13,1
30,26,iPWO,3577.06285223041,3743.49163818196,3744.22514093709,73.8202384895462,NaN,0
30,26,noECR,3577.06285223041,3743.49163818196,3744.22514093709,73.8202384895462,1,0
30,26,noOED,3530.26489181051,3743.57622262201,3734.04844545788,72.8756942512227,0.748020980066632,0
30,26,noNAS,3563.97361189341,3743.9113693179,3731.91590447778,72.9276667074507,0.663543571865693,0
30,26,PWO,7566.26983631794,9540.56715513075,9415.77599211995,735.724718326283,3.30368150166619e-18,1
30,27,iPWO,3191.72384265763,3204.08305026209,3203.42483483146,5.56609582434964,NaN,0
30,27,noECR,3191.72383883739,3204.08305026209,3203.42483506848,5.56609616745221,0.994659639438677,0
30,27,noOED,3190.39311564426,3203.76531705568,3202.97300279556,5.26921459719706,0.578556327938504,0
30,27,noNAS,3188.35282446014,3203.57750249333,3203.08510995612,5.35119012863638,0.783776473850268,0
30,27,PWO,3282.60373507038,3945.50644005257,3978.27302251026,394.92484050741,3.30368150166619e-18,1
30,28,iPWO,3100,3100,3136.38692252841,55.349089709819,NaN,0
30,28,noECR,3100,3100,3136.38692252841,55.3490897098155,0.983737795730427,0
30,28,noOED,3100,3100,3134.13455039194,54.2638007193009,0.836736855605276,0
30,28,noNAS,3100,3100,3121.45472261684,44.3965654819718,0.118709779233656,0
30,28,PWO,3187.40863430398,3473.86390493069,3574.19064504267,316.295763010053,5.70695665088825e-17,1
30,29,iPWO,3257.52136495049,3347.84402328037,3341.6876294758,28.16290052739,NaN,0
30,29,noECR,3257.52136495049,3347.84402328037,3341.6876294758,28.16290052739,1,0
30,29,noOED,3283.08748831721,3356.51525590944,3351.38500637542,25.3921021825921,0.0344388531305544,1
30,29,noNAS,3247.5991942776,3344.33633760023,3341.07408734388,24.9466121817194,0.331825940879157,0
30,29,PWO,3954.81225899206,5017.54017189843,4971.78329080085,491.932213136601,3.30368150166619e-18,1
30,30,iPWO,4945.46366967028,5114.7946826758,5143.06517273308,146.112853864239,NaN,0
30,30,noECR,4945.46366967028,5114.7946826758,5143.06517273308,146.112853864239,1,0
30,30,noOED,4943.1708794008,5088.4726294992,5117.21850708245,122.584443389225,0.266572903962246,0
30,30,noNAS,4949.92372042888,5076.41218172917,5116.74313742579,169.056897755427,0.0276723224708396,0
30,30,PWO,171330.100633159,2583008.29986697,5664026.73243494,8884455.66313389,3.30368150166619e-18,1
